#제목	궁초댕기
#부제	굿거리
#키	
#쪽	
#박자	4/4
#행수	16
#줄수	8
#원본	민요채보-1/궁초댕기.png
#이어짐	
#메모	오른쪽 여백에 "정악청이" 표기. 양식은 정간 번호 2개(1·2, 3·4…)가 한 칸 → 위쪽 절반=홀수, 아래쪽 절반=짝수 정간으로 나눔. 8줄 사용(8줄은 점·연음만). AI 재판독 초안.
줄	정간	율명	가사	비고
1	1	㳞|―	궁	
1	2	㳞	초	
1	3	㳞|―	댕	
1	4	㳞	기	
1	5			
1	6			
1	7			
1	8			
1	9			
1	10			
1	11			
1	12			
1	13	㳞|―	단	
1	14	湳	장	湳(氵南) 확실치 않음
1	15	―|㳞	하	
1	16	㴌	고	
2	1	汰|無	신고	
2	2	―		
2	3	汰|㴌	산	
2	4	汰		
2	5	無|―	비	
2	6	南	올	
2	7	仲|仲	때는	첫 仲 오른쪽에 점 두 개
2	8	―|△		
2	9	無|無	한아	
2	10	―		
2	11	無|南	름	
2	12	仲		
2	13	無|無	꽃을	
2	14	無	안	
2	15	無	고	
2	16			
3	1	無|―	웃	
3	2	汰		
3	3	㳞|㳞	으며	
3	4	―		
3	5	㴌|汰	오리	
3	6	―		
3	7	㴌汰|無	라	㴌汰 나란히 적힘
3	8	·|△		
3	9	無|無	무슨	가사 둘째 글자 는/슨?
3	10	―		
3	11	無|南	짝	
3	12	仲	에	
3	13	無|無	무슨	
3	14	―		
3	15	無|無	짝에	
3	16	―		
4	1	汰	부	
4	2			
4	3	無	령	
4	4			
4	5			
4	6			
4	7			
4	8			
4	9			
4	10	·		
4	11	·		
4	12			
4	13			
4	14	·		
4	15	汰		
4	16	△		
5	1	㴌汰	청	겹쳐 적힘, 확실치 않음
5	2	汰㴌	진	겹쳐 적힘, 확실치 않음
5	3	無		
5	4			
5	5	·		
5	6			
5	7	汰		
5	8			
5	9	無南|仲	간	
5	10	―		
5	11	―		
5	12			
5	13			
5	14	―		
5	15	―		
5	16	△		
6	1	仲|―	임	가사 입/임?
6	2	無		
6	3	―		
6	4			
6	5	無南|仲	마	
6	6	―		
6	7	―		
6	8			
6	9	―		
6	10			
6	11	―		
6	12			
6	13	―		
6	14			
6	15	―		
6	16	△		
7	1	無|無	신고	
7	2	―		
7	3	南|無	산	
7	4	南		
7	5	無|無	열두	
7	6	無	고	
7	7	無	개	
7	8	△		
7	9	無|―	단	
7	10	汰		
7	11	㳞|㳞	숨에	
7	12	―		
7	13	㴌|汰	올	
7	14	―	랐	
7	15	㴌汰	네	
7	16	無|―		
8	1	·		
8	2			
8	3	·		
8	4			
8	5	·		
8	6			
8	7	―		
8	8	△		
8	9			
8	10			
8	11			
8	12			
8	13			
8	14			
8	15			
8	16			
