#제목	꽃이 피었네
#부제	굿거리
#키	C키
#쪽	196
#박자	4/4
#행수	16
#줄수	5
#원본	민요채보-1/꽃이 피었네.png
#이어짐	
#메모	세로 제목 "꽃이 피었네" 오른쪽 상단 "(C Key) (C# Key)". 16정간(굵은선 4칸마다). 줄6~8 칸은 있으나 비어 있음. 2차 검수 완료. 1차 대비: 빈 정간 행 전부 추가(총 80행), 湳 일부 유지(청남 맞음), 浦→潢 수정, 율명 재판독 및 가사 위치 보정, 불확실 비고 대폭 정리.
줄	정간	율명	가사	비고
1	1	姑	꽃	
1	2	―		
1	3	南		
1	4			
1	5	·	이	
1	6			
1	7	·	피	
1	8			
1	9	·	었	
1	10			
1	11	·	네	
1	12			
1	13	·	에	
1	14			
1	15	·	네	
1	16			
2	1	姑	꽃	
2	2	―		
2	3	南	이	
2	4	―		
2	5	無	피	
2	6	南		
2	7	潢	었	
2	8	潢		
2	9	湳	네	
2	10	無		
2	11	南	건	
2	12	―		
2	13	南	너	
2	14	―		
2	15	南	마	
2	16	―		
3	1	湳	산	
3	2	―		
3	3	仲	주	
3	4	―		
3	5	潢	단	
3	6	―		
3	7	湳	자	
3	8	―		
3	9	湳	김	
3	10	―		
3	11	仲	선	
3	12	―		
3	13	仲	달	
3	14	―		
3	15	仲	네	
3	16	―		
4	1	湳	받	
4	2	―		
4	3	仲	앗	
4	4	―		
4	5	無	다	
4	6	―		
4	7	無	고	
4	8	―		
4	9	無	문	
4	10	―		
4	11	湳	밖	
4	12	―		
4	13	仲	출	
4	14	―		
4	15	仲	입	
4	16	―		
5	1	姑	얼	
5	2	―		
5	3	湳	싸	
5	4	―		
5	5	南	내	
5	6	·		
5	7	·	사	
5	8	·		
5	9	·	랑	
5	10			
5	11			
5	12			
5	13			
5	14			
5	15			
5	16			
