#제목	쑥대머리
#부제	중모리
#키	
#쪽	
#박자	3/4
#행수	12
#줄수	4
#원본	민요채보-1/쑥대머리-2.png
#이어짐	
#메모	12정간, 굵은 선 3칸마다. 오른쪽 여백 "<ス>" 표시, 부제 "중모리". 4줄 사용(5~8줄 빈칸). "- 197 -"는 양식 용지 번호. 하단 메모칸 "※ 潢 ⇒ 無"(판독자 교정 지시). 청성(氵)이 많아 潢·淋 다수. 검수: 2·3·4줄 정간 정렬 재판독(원래 초안의 3줄은 2줄 중복, 4줄은 1행 밀림이었음).
줄	정간	율명	가사	비고
1	1	姑|潢潢	예	
1	2	潢潢	의	
1	3	潢潢	신혼	
1	4	潢潢		
1	5	·		
1	6	潢		
1	7	潢汰|潢汰		
1	8	潢汰		
1	9	／		율명 앞 사선 모양
1	10	潢潢		어러
1	11	潢		는
1	12	潢		가
2	1	姑	계	
2	2	―|南	궁	
2	3	南南	항아	
2	4	·		
2	5	·		
2	6	―|△		
2	7	潢潢|姑	추	氵계열 두 글자+姑
2	8	姑		
2	9	南		
2	10	南	갈	
2	11	·	이	
2	12	·		
3	1	南|潢	번	
3	2	·	듯	
3	3	―	이	
3	4	△		
3	5	潢		
3	6	潢|姑		
3	7	潢|南	비	
3	8	·	치	
3	9	姑		이
3	10	姑		
3	11	·		
3	12	―|△		
4	1	南	막	
4	2	潢	왕	
4	3	淋|潢		막왕
4	4	無|△		괄호로 둘러싼 無, 아래 △
4	5	南	막	
4	6	―|潢		래
4	7	潢潢|姑	막혀	氵계열 두 글자+姑
4	8	姑	막혀	
4	9	南	니	
4	10	南	니	
4	11	―		
4	12	·		
