#제목	옹이
#부제	
#키	
#쪽	26
#박자	3/4
#행수	12
#줄수	11
#원본	민요채보-1/옹이.png
#이어짐	
#메모	제목 '옹이', 가창 조창권, 쪽 26(채보 메모 '채보이○○에 26.P'). 좌상단 작은 라벨(無應 계열). 굵은 가로선이 3칸마다 → 12정간 3/4. 오른쪽부터 율명 줄, 가사는 각 율명 줄 왼쪽 칸에 세로로 적힘. 가사 전체: '사랑에 불씨하나 가슴에 불질러놓고 냉정히 등을 돌린 사랑 지우러 간다 얼마나 달려가 이 놓을까 어디 그리움도 너무 꿈에 옹이가 된 살(설)때문에 내가 운운'. 아래쪽 2개 band는 왼쪽 줄에만 내용(나머지 빈 칸). 흘림체·중첩 밀도 매우 높음. 2차 검수 완료. 주요 수정: 기존 1차 파일이 파일명 인코딩 문제로 열리지 않아 이미지로 전면 재판독·신규 작성. 전 정간 복원(132행), 俉/侑/沖/神 등 오독 글자를 규격 3-1 표대로 교정(沖→㳞, 湖→㴌 등), 삼수변 청성(汰·潢·淋·沖→㳞) 반영.
줄	정간	율명	가사	비고
1	1	淋		
1	2	―|㳞汰		㳞=氵仲
1	3	汰|仲		
1	4	△		
1	5	仲		⊃형 기호? 仲 흘림
1	6	―		
1	7			
1	8			
1	9			
1	10			
1	11			
1	12			
2	1	△|南	사	
2	2	―	랑	
2	3	△|南	에	
2	4	―|林	불	
2	5	―|仲	씨	
2	6	―|太	하	
2	7	△	나	
2	8	―		
2	9	△		
2	10			
2	11			
2	12			
3	1	△|南		
3	2	―		
3	3	△|南	가	
3	4	南		
3	5	仲		
3	6	―		
3	7	△		
3	8	―		
3	9	△		
3	10			
3	11			
3	12			
4	1	△|潢	가	
4	2	―|汰㳞	슴	㳞=氵仲
4	3	△|汰潢	에	
4	4	南|仲	불	
4	5	林	질	
4	6	·	러	
4	7	·	놓	
4	8	·	고	
4	9	△		
4	10			
4	11			
4	12			
5	1	△|潢	냉	
5	2	―	정	
5	3	潢	히	
5	4	林|仲太	등	
5	5	太	을	
5	6	―	돌	
5	7	△	린	
5	8			
5	9			
5	10			
5	11			
5	12			
6	1	△|南	사	
6	2	―|潢	랑	
6	3	△|潢	지	
6	4	―|南	우	
6	5	林|仲太	러	
6	6	·	간	
6	7	·	다	
6	8	△		
6	9			
6	10			
6	11			
6	12			
7	1	△|南	얼	
7	2	―|林仲	마	
7	3	△|太黃	나	
7	4	―|黃太	달	
7	5	―|仲	려	
7	6	·	가	
7	7	·	아	
7	8	△		
7	9			
7	10			
7	11			
7	12			
8	1	㳞|仲	이	㳞=氵仲
8	2	―		
8	3	潢		
8	4	淋|㳞	놓	㳞=氵仲
8	5	―|淋㳞	을	
8	6	―|淋	까	
8	7	·		
8	8	△		
8	9			
8	10			
8	11			
8	12			
9	1	△|㳞	어	㳞=氵仲
9	2	―|沽	디	沽? 氵姑(㴌)로 보임
9	3	汰|潢		
9	4	淋		
9	5	―|潢㳞		
9	6	·		
9	7	△		
9	8			
9	9			
9	10			
9	11			
9	12			
10	1	泗|㴌	그	泗? 淋 흘림. 㴌=氵姑
10	2	―	리	
10	3	△|沽	움	沽=㴌(氵姑)
10	4	淋		
10	5	―|㳞	도	
10	6	·		
10	7	△		
10	8			
10	9			
10	10			
10	11			
10	12			
11	1	淋|―	너	淋 큰 글씨
11	2	汰|沖汰	무	
11	3	潢|林	꿈	
11	4	―|仲		
11	5	△|汰沖	에	
11	6	淋		
11	7	―|沖汰	웅	옹이가
11	8	△|替潢	이	替? 흘림, 氵潢(潢)
11	9	黃|汰沖	가	
11	10	仲		된/살때문에
11	11	·		내가
11	12	△		운운
