#제목	이별가
#부제	느릿 굿거리
#키	
#쪽	
#박자	4/4
#행수	16
#줄수	3
#원본	민요채보-1/이별가.jpg
#이어짐	
#메모	인쇄 양식, 위에 줄 번호(오른쪽 1), 왼쪽에 정간 번호 1~16, 번호 2개(1·2,3·4…)가 한 칸→위 절반=홀수, 아래 절반=짝수. 굵은 선 4칸마다 → 4/4·16. 오른쪽 여백에 제목 "이별가", 아래 "느릿 굿거리", "노래따라" 표기. 가장 오른쪽 인쇄 열(번호 1)은 비어 있어 내용 있는 첫 열을 줄1로 셈. 전곡에 걸쳐 율명 오른쪽에 s자·3자 꾸밈음과 물결선 } , 닫는 곡선 ) 모양의 요성 표시가 많은데 기호표에 없어 율명에서 빼고 비고로 남김(해당 칸 거의 전부라 일일이 적지 않고 여기 총괄 기록). 멜리스마 모음(아·이·야)이 가사로 붙음. 매우 빽빽해 겹친 율명 판독 불확실. AI 재판독 초안.
줄	정간	율명	가사	비고
1	1	―|汰	이	汰 오른쪽 s자 꾸밈
1	2	潢潢	이	潢 두 개, 오른쪽 물결선 요성
1	3	淋潢	이야	
1	4	―		
1	5	―|汰	아	汰 s자 꾸밈
1	6	潢淋		닫는 곡선 ) 요성
1	7	汰		
1	8	⁚		
1	9	―	아	
1	10	淋汰|㳞	아아아	겹쳐 적혀 확실치 않음
1	11	淋潢	이별이	
1	12	汰		汰 s자 꾸밈
1	13	―	이이야	
1	14	潢潢	아	
1	15			
1	16			닫는 곡선 ) 요성
2	1	―	아	
2	2	南林姑	아	겹쳐 적힘
2	3	南	아	南 s자 꾸밈
2	4	⁚		물결선 } 요성
2	5	―	아아	
2	6	潢南潢		겹쳐 적혀 확실치 않음
2	7	汰潢太	날	太 s자 꾸밈, 겹쳐 적힘
2	8	潢	과	
2	9	姑	아아	
2	10	―南林		
2	11	―|―		가로획 두 개(二처럼 보임)
2	12	南	아	
2	13	南姑	이별이	
2	14	⁚		
2	15			
2	16			
3	1	南林姑	이이	겹쳐 적힘
3	2	―		
3	3	南林	이	
3	4	―		
3	5	姑	아	姑 s자 꾸밈
3	6			
3	7	―		
3	8			
3	9	―	아아	
3	10	△		
3	11			
3	12			
3	13	太潢姑	이별이	겹쳐 적힘, 太 3자 꾸밈
3	14			
3	15			
3	16			
