#제목	함양 양잠가
#부제	굿거리
#키	
#쪽	
#박자	2/4
#행수	16
#줄수	5
#원본	민요채보-1/함양 양잠가.png
#이어짐	
#메모	16정간, 굵은 선 2칸마다(2/4). 양식 용지번호 "- 196 -". 오른쪽 여백에 제목 "함양 양잠가 굿거리"와 율명 메모(潢汰 등). 상단 여백 5·4줄 위 "노래", 3줄 위 "후렴". 하단 메모 "※ 潢) → 僙에서 無,까지 회성". 각 율명 줄 오른쪽에 가사 칸이 있어 가사를 모두 전사함. 내용은 2~5줄(오른쪽부터); 1줄과 6~8줄은 비어 있음. 3줄 바닥(정간9~16)은 비어 있음(앞 판독의 3줄 하단 내용은 실제로 4줄 하단이라 바로잡음). 손채보가 흐리고 "회성" 부분은 율명이 겹쳐 써 일부 칸 불확실. AI 재판독(가사 포함).
줄	정간	율명	가사	비고
1	1			
1	2			
1	3			
1	4			
1	5			
1	6			
1	7			
1	8			
1	9			
1	10			
1	11			
1	12			
1	13			
1	14			
1	15			
1	16			
2	1	姑―	에	
2	2	姑·	야	
2	3	姑姑·	더	
2	4	·	야	
2	5	姑―	에	
2	6	潢無	헤이	
2	7	姑··	야	
2	8	△		
2	9	潢·	에	
2	10	·		
2	11	汰―	헤	
2	12	潢淋	두	가사 앞 사선 ／(／두)
2	13	潢淋	견	가사 두견/두렴?
2	14	―潢	이	
2	15	潢無	울음	
2	16	潢姑	운다	
3	1	姑	등	
3	2	姑姑·	등가	가사 둥둥가?
3	3	潢汰潢	아	회성 겹쳐 흐림, 율명 불확실
3	4	潢無	실실	회성 겹쳐 흐림
3	5	潢	너	
3	6	無	불러	
3	7	姑	라	
3	8	姑姑△		
3	9			
3	10			
3	11			
3	12			
3	13			
3	14			
3	15			
3	16			
4	1	姑·	너	
4	2	·		
4	3	潢·	는	
4	4	·		
4	5	汰―	죽우	
4	6	淋		
4	7	潢―	어	
4	8	△		
4	9	姑―	만	
4	10	姑		
4	11	潢汰	첩	
4	12	潢		
4	13	潢潢	청산에	
4	14	潢		
4	15	姑姑	고드름	
4	16	姑	되거라	
5	1	姑―	내	
5	2	潢無	아	
5	3	姑··	는	
5	4	△		
5	5	潢	죽	
5	6	·―	우	
5	7	潢潢	죽	
5	8	無姑	어서	회성 겹쳐 흐림
5	9	潢潢潢	아이	회성 겹쳐 흐림
5	10	姑無	아이가	
5	11	姑姑	봄	
5	12	―	바람	
5	13	潢無姑	될	
5	14	―	거	
5	15	姑··	나	
5	16	△		
