#제목	돈 타령
#부제	세마치
#키	
#쪽	
#박자	3/4
#행수	12
#줄수	10
#원본	민요채보-2/돈 타령.png
#이어짐	
#메모	손격자. 세마치 장단, 12정간·굵은 가로선 3칸마다(정간3/6/9 뒤) → 3/4. 세로열 10쌍(율명 넓은 칸 + 바로 오른쪽 가사 좁은 칸), 오른쪽부터 1줄. 1줄은 가사 없는 도입(멜로디만), 2~9줄에 가사(사랑 이야기), 10줄은 가사 칸 대신 세로로 쓴 큰 주석 글자("제녁앗일에"처럼 보임)뿐. 각 열 맨 아래 정간11·12의 ·/○ 는 그대로 적음. 요성 물결선·작은 꾸밈(潢 옆 s자 등)은 생략. 손글씨 흘림으로 변(氵청/亻배/중성) 및 일부 가사 글자 판독이 애매한 칸은 비고로 표기. AI 재판독(가사 포함).
줄	정간	율명	가사	비고
1	1	姑|仲		
1	2	太		
1	3	南		
1	4	無潢|無		
1	5	太		
1	6	南		
1	7	潢|㳞		
1	8	㳞		
1	9	㳞|㳞|㳞		세 번 쌓임
1	10	㳞		옆 s자 꾸밈(생략)
1	11	·		
1	12	·|○		
2	1	潢|㳞	돈	
2	2	潢|無	돈	
2	3	南	돈	
2	4	無	돈이	
2	5	無|姑	돈	
2	6	仲	돈	
2	7	潢|㳞	황	흘림, 황/악 불명
2	8	潢	에	
2	9	無|潢|無	금	덧칠 번짐
2	10	南	전	
2	11	·		
2	12	·|○		
3	1	姑|仲	갑돌이	
3	2	太	하	
3	3	南	고	
3	4	無|潢	갑돌이	
3	5	無|太	하	
3	6	南	고	
3	7	潢|㳞	서	
3	8	㳞	만	
3	9	㳞|姑|㳞	나아	
3	10	㳞		
3	11	·		
3	12	·|○		
4	1	潢|㳞	둘이	
4	2	潢|無	둘	
4	3	南	이	
4	4	無|無	사랑	
4	5	無|太	하	
4	6	仲	다	
4	7	姑|仲	서로	서로/서루?
4	8	太	만	
4	9	仲|姑|仲	나	
4	10	姑		
4	11	·		
4	12	·|○		
5	1	姑|仲	우리	우리/우우? 흘림
5	2	太	둘	
5	3	南	이	
5	4	無|潢	항것수우	흘림, 추정
5	5	太	에	
5	6	南		
5	7	潢|㳞	못살	
5	8	㳞	겟	
5	9	㳞|姑|㳞	거	
5	10	㳞	든	
5	11	·		
5	12	·|○		
6	1	潢|㳞	나는	
6	2	潢|無	나	
6	3	南	는	
6	4	無|潢	죽	
6	5	無|南	어	
6	6	仲	서	
6	7	姑|仲	화초	화존/화초?
6	8	太	가	
6	9	仲|姑|仲	되	
6	10	姑		
6	11	·		
6	12	·|○		
7	1	姑|仲	비는	
7	2	太	주이	주이/죽이?
7	3	南	서	
7	4	無|潢	항것나	흘림, 추정
7	5	太	나	
7	6	南	는	
7	7	潢|㳞	벌나	
7	8	㳞	비	
7	9	㳞|姑|㳞	되	
7	10	㳞	어	
7	11	·		
7	12	·|○		
8	1	潢|㳞	당신	당신/당신꿈?
8	2	潢|無	꿈	
8	3	南	에	
8	4	無|潢	안이기거	
8	5	無|南	든	
8	6	仲		
8	7	姑|仲	꽃피	
8	8	太	고	
8	9	仲|姑|仲	새가울	
8	10	姑	면	
8	11	·		
8	12	·|○		
9	1	姑|仲	제녁	제녁/제년? 흘림
9	2	太	앗일	
9	3	南	에	
9	4	無|潢		
9	5	無|南		
9	6	太		
9	7	潢|㳞	난줄	
9	8	㳞	아	
9	9	㳞|姑|㳞	소	
9	10	㳞	서	
9	11	·		
9	12	·|○		
10	1	潢|姑		10줄은 가사 칸 대신 세로 큰 주석(머리 #메모 참조)
10	2	潢|無		
10	3	南		
10	4	無|潢		
10	5	無|南		
10	6	仲		
10	7	姑|㳞		
10	8	潢		
10	9	無|潢|無		
10	10	南		
10	11	·		
10	12	·|○		
