#제목	사철가
#부제	굿거리
#키	
#쪽	
#박자	2/4
#행수	16
#줄수	5
#원본	민요채보-2/사철가.png
#이어짐	
#메모	인쇄 양식(16정간, 상단 줄 번호 8→1 오른쪽이 1, 왼쪽 정간 번호 1~16, 하단 "- 196 -"). 굵은 선 2칸마다 → 2/4, 16행. 오른쪽 여백에 세로로 "경기민요 사철가 굿거리". 상단에 "전주"·"종"류 메모. 내용은 오른쪽 1~5줄, 6~8줄 비어 #줄수 5. 16정간 양식에서 번호 2개(홀·짝)가 한 칸에 걸쳐 있어, 칸 위쪽에 쌓인 율명은 홀수 정간, 아래쪽은 짝수 정간으로 분배했다(세 개 쌓이면 위 둘=홀수, 마지막=짝수). 이전 초안이 ①한 칸 내용을 홀·짝 두 정간에 그대로 복제(줄2 정간7~16, 줄3~5)하거나 ②짝수 정간을 전부 비워 지속으로 둔 두 오류, 그리고 ③줄3~5의 姑(女+古)를 南/黃으로 오독한 것을 원본과 재대조해 바로잡음. 청성(氵)·중성 겹침이 심한 손글씨라 일부 칸은 가장 근접한 판독. 가사 칸은 각 율명 줄 바로 오른쪽 칸에서 전사(지화자/종/일년은/개나리진달래/아기장 등 구전 가사).
줄	정간	율명	가사	비고
1	1	南	지	
1	2	⁚		짝수 정간: 칸 아래쪽 두 점(지속)
1	3	無|―	화	
1	4	南|潢	자	
1	5	南	지	
1	6	⁚		
1	7	無|―	화	
1	8	潢|無		
1	9	南	자	
1	10	⁚		
1	11	無|―	화	
1	12	潢		
1	13	無	자	
1	14	⁚		
1	15	無|―		
1	16	潢		
2	1	南	종	
2	2	⁚		
2	3	無|―	네	
2	4	南|潢		
2	5	南	종	
2	6	⁚		
2	7	無|―	비	
2	8	△		
2	9	潢|―	종을	
2	10	潢		
2	11	潢|潢	종을씨	
2	12	潢|無		
2	13	汰|―	구우	
2	14	㳞|湳		아래 글자 氵仲(㳞)·湳 겹쳐 적힘
2	15	南|南	나	
2	16	無|仲		
3	1	姑|姑	일년은	첫 姑 위에 요성 꾸밈
3	2	姑		
3	3	姑|仲		
3	4	姑|△		
3	5	姑|姑	열두	
3	6	無|潢		
3	7	姑|姑	또에	
3	8	無|仲		
3	9	姑|姑	사시절	
3	10	姑		
3	11	姑|―	젓구가	
3	12	潢|無|潢		청성 겹침 많아 근접 판독
3	13	姑|無	분명쿠	
3	14	姑|仲		
3	15	姑|―	나	
3	16	○		
4	1	姑	개	
4	2	⁚		
4	3	無|―	나리	
4	4	姑|無|潢		
4	5	姑	진	
4	6	―|姑		
4	7	無|―	달래	
4	8	△		
4	9	潢	진	
4	10	⁚		
4	11	潢|―	들래	
4	12	無|潢		
4	13	姑|仲	봄바	
4	14	姑|仲		
4	15	姑|仲	감에	
4	16	姑|潢		
5	1	姑|姑	아기장	
5	2	姑		
5	3	―|―		
5	4	△		
5	5	姑|無		
5	6	姑|無|潢		
5	7	姑		
5	8	無|姑|仲		
5	9	姑|姑		
5	10	―		
5	11	姑|―		
5	12	潢|無		
5	13	姑|無		
5	14	姑|仲		
5	15	姑|―		
5	16	○		
