#제목	야월삼경
#부제	중모리
#키	C#
#쪽	
#박자	3/4
#행수	12
#줄수	8
#원본	민요채보-2/야월삼경.png
#이어짐	
#메모	오른쪽 상단 "야월삼경 <중모리> C#키". 12정간, 굵은 선 3칸마다, 8줄 사용(오른쪽 2칸은 빈 양식 칸). 가사는 "야월삼경 달밝은데 …"로 이어짐. 청성(氵) 반복 가락 많음. AI 재판독 초안.
줄	정간	율명	가사	비고
1	1	潢	아	
1	2	汰	월	
1	3	―		
1	4	㳞|潢	삼	
1	5	㳞|㴌		
1	6	㳞|潢|潕	경	셋째 글자 潕 확실치 않음
1	7	潢|汰	달	
1	8	無|南	밝	
1	9	仲|姑|仲	은	
1	10	姑	데	
1	11	―|仲		
1	12	姑		
2	1	南	오	
2	2	南	다	오른쪽에 작은 사선
2	3	―		
2	4	㳞|仲	오	
2	5	―|㴌		
2	6	潢|潕	다	
2	7	南|潢	밝	가사 밝/걸?
2	8	無|南	맞	가사 맞/깟?
2	9	仲|姑|仲	하	
2	10	姑	고	
2	11	南		
2	12	·|·		
3	1	㳞|汰	밝	
3	2	㳞	은	
3	3	·		
3	4	㳞	적	
3	5			
3	6	㳞	적	
3	7	㳞	다	
3	8	―|㳞	새	가사 새/세?
3	9	㳞	는	가사 는/노?
3	10	㳞	데	
3	11	―|㴌		
3	12	㳞|㴌|○		맨 아래 ○
4	1	姑	님	
4	2	―|仲		
4	3	南	의	
4	4	無|潢	소	
4	5	―|無		
4	6	南	시	
4	7	無|潢	돈	
4	8	無|南	절	
4	9	仲|姑|仲	하	
4	10	南	네	
4	11	·		
4	12	·|·		
5	1	㳞|汰	에	
5	2	㳞|汰		
5	3	㴌|潕	우	
5	4	㳞|汰	화	
5	5	㳞|汰|㴌		
5	6	㴌|㳞	성	
5	7	㳞|汰	화	
5	8	―		
5	9	·		
5	10	㴌	음	
5	11	―|㴌		
5	12	㳞|㴌		
6	1	潢	삼	
6	2	潢	화	
6	3	―|無		
6	4	南|潢		
6	5	無|南		
6	6	仲|姑|仲		
6	7	姑	돈	
6	8	·	구	
6	9	·	우	
6	10	·	음	
6	11			
6	12			
7	1	南	찬	
7	2	南	길	
7	3	―|無|潢	흘	
7	4	潢	이	
7	5	㴌|潢	찬	가사 찬/긴?
7	6	潢|潕|㴌	밤	
7	7	潢	아	
7	8	·		
7	9	·		
7	10	㴌	음	
7	11	―|㴌		
7	12	㳞|㴌		
8	1	姑	큰	
8	2	―|仲		
8	3	南	의	
8	4	潢	성	
8	5	―|無		
8	6	南	화	
8	7	―|無		
8	8	無|南		
8	9	仲|姑|仲		
8	10	南	다	
8	11	·		
8	12	―|·		
