#제목	풍년가
#부제	굿거리
#키	C#
#쪽	
#박자	3/4
#행수	12
#줄수	8
#원본	민요채보-2/풍년가.png
#이어짐	
#메모	제목 오른쪽에 "C#key". 인쇄된 양식(12정간, 굵은 선 3칸마다). 8줄 사용. 민요채보-1/풍년가와 같은 곡의 다른 채보본. 8줄 12정간에 체크(✓)·점 등 꾸밈 일부 포함. AI 재판독 초안.
줄	정간	율명	가사	비고
1	1	姑	풍	
1	2	·		
1	3	南		
1	4	無	년	
1	5	―|南		
1	6	潢	이	
1	7	姑	왔	
1	8	仲|姑		
1	9	南		
1	10	無	네	
1	11	·		
1	12	·		
2	1	潢	풍	
2	2	·		
2	3	·		
2	4	無	년	
2	5	―|南		
2	6	潢	이	
2	7	仲	왔	
2	8	―|姑		
2	9	南|仲		
2	10	姑	네	
2	11	仲|姑		
2	12	黃|僙		僙 확실치 않음
3	1	姑	금	
3	2	姑	수	
3	3	·		
3	4	―		
3	5	·		
3	6	―|△|‹		
3	7	南	강	
3	8	無|南	산	
3	9	潢|無		
3	10	南	으	
3	11	無|南	로	
3	12	仲|姑		
4	1	南	풍	
4	2	南	년	
4	3	·		
4	4	無|潢	이	
4	5	㴌		㴌 확실치 않음
4	6	潢|無		
4	7	南	왔	
4	8	無|南		
4	9	仲|姑		
4	10	南	네	
4	11	―		
4	12	―|○		
5	1	姑	얼	
5	2	·		
5	3	南		
5	4	無	씨	
5	5	―|南	구	
5	6	潢	나	
5	7	姑	좋	
5	8	仲|姑		
5	9	南		
5	10	無	다	
5	11	―		
5	12	·		
6	1	潢	절	
6	2	·		
6	3	·		
6	4	無	씨	
6	5	―|南	구	
6	6	潢	나	
6	7	仲	좋	
6	8	―|姑		
6	9	南|仲	구	
6	10	姑	좋	
6	11	仲|姑		
6	12	黃|僙	아	僙 확실치 않음
7	1	姑	명	
7	2	姑	년	
7	3	·		
7	4	·		
7	5	·		
7	6	⁚|‹		
7	7	南	춘	
7	8	無|南	삼	
7	9	潢|無		
7	10	南	월	
7	11	無|南	에	
7	12	仲|姑		
8	1	南	화	
8	2	南	전	
8	3	―		
8	4	無|潢	놀	
8	5	㴌	이	㴌 확실치 않음
8	6	潢|無	를	
8	7	南	가	
8	8	無|南		
8	9	仲|姑		
8	10	南	세	
8	11	―		
8	12	―|△		
