#제목	희망가
#부제	굿거리
#키	
#쪽	197
#박자	3/4
#행수	12
#줄수	8
#원본	민요채보-2/희망가.png
#이어짐	
#메모	인쇄된 줄·정간 번호 있음. 2차 검수 완료: 俉→仲 전부 수정(14곳), 女|仲→姑|仲(줄3정간12), 줄5정간2 빈 행 추가, 가사 너(줄2정간1) 등 재확인
줄	정간	율명	가사	비고
1	1	仲	이	
1	2	太	풍	
1	3	太	진	
1	4	太	세	
1	5	姑	상	
1	6	仲	을	
1	7	仲	만	
1	8	―|無|仲	났	
1	9	仲|姑		
1	10	太	으	
1	11	·		
1	12	姑	나	
2	1	仲	너	
2	2	·		
2	3	仲	의	
2	4	仲	희	
2	5	姑	망	
2	6	姑	이	
2	7	太		
2	8	太		
2	9	仲		
2	10	·|仲		
2	11	·		
2	12	·		
3	1	仲	부	
3	2	太	귀	
3	3	太	와	
3	4	仲	이	
3	5	姑	영	
3	6	仲	화	
3	7	姑	를	
3	8	太		
3	9	太		
3	10	太	으	
3	11	·		
3	12	姑|仲	면	
4	1	仲	희	
4	2	·		
4	3	仲	망	
4	4	姑	이	
4	5	仲	족	
4	6	姑	할	
4	7	太		
4	8	―|無|仲		
4	9	仲|姑		
4	10	太		
4	11	·		
4	12	姑		
5	1	無	푸	
5	2	―		
5	3	無	른	
5	4	姑	하	
5	5	仲	늘	
5	6	姑	높	
5	7	仲	히	
5	8	―		
5	9	無		
5	10	仲	솟	
5	11	―		
5	12	姑	아	
6	1	無	곰	
6	2	·		
6	3	仲	상	
6	4	仲		
6	5	太	가	
6	6	太	히	
6	7	仲		
6	8	太		
6	9	仲		
6	10	仲	나	
6	11	·		
6	12	―	에	
7	1	仲	세	
7	2	―		
7	3	仲	상	
7	4	姑	생	
7	5	太	각	
7	6	仲	흔	
7	7	太	다	
7	8	·		
7	9	·		
7	10	太	종	
7	11	·		
7	12	姑	에	
8	1	仲	다	
8	2	太		
8	3	太		
8	4	太		
8	5	仲		
8	6	·		
8	7	―|無|仲		
8	8	―		
8	9	仲|姑		
8	10	·		
8	11	·		
8	12	⁚		
