#제목	강원도 아리랑
#부제	동산풀이
#키	
#쪽	
#박자	2/4
#행수	16
#줄수	7
#원본	민요채보-3/강원도 아리랑.png
#이어짐	
#메모	제목 오른쪽에 "(동산풀이)". 손으로 그린 격자(인쇄 번호 없음). 한 열 16정간으로 보이며, 굵은(물결) 가로선과 경계표 ‹ 가 약 2정간마다 → 2/4로 판독. 내용은 각 열 위쪽 약 7정간에만 있고 나머지는 빈칸. 7줄 사용(오른쪽=1, 맨 오른쪽은 "아리/아라리" 후렴 꼬리). 글씨 겹침·번짐이 심해 일부 율명 불확실(?). 太는 氵없는 중성 太와 氵太(汰)가 섞여 보임. AI 재판독 초안.
줄	정간	율명	가사	비고
1	1	仲|仲	어러	첫 仲 왼쪽에 삼수변? 불확실
1	2	仲|仲	어러	
1	3	―		
1	4	姑		
1	5	無|無	아	无/無 겹침
1	6	―		
1	7	汰	라리	
1	8			
1	9			
1	10			
1	11			
1	12			
1	13			
1	14			
1	15			
1	16			
2	1	無|無	아리	
2	2	無|無	아리	
2	3	―|太		
2	4	無|無		无 두 개 겹침
2	5	無|南		남?
2	6	潢		
2	7	太		
2	8			
2	9			
2	10			
2	11			
2	12			
2	13			
2	14			
2	15			
2	16			
3	1	無|無	아	
3	2	無|無	개게	불확실
3	3	―		
3	4	仲|仲	고	
3	5	無		
3	6		다	율명 불명(가사 '다'만 보임)
3	7	太|無		
3	8			
3	9			
3	10			
3	11			
3	12			
3	13			
3	14			
3	15			
3	16			
4	1	仲|仲		
4	2	太|浹太	자는	
4	3	―		
4	4	仲|潢		세구?
4	5	潢	넘	
4	6	太|浹太	어간	
4	7	無|姑		
4	8			
4	9			
4	10			
4	11			
4	12			
4	13			
4	14			
4	15			
4	16			
5	1	仲	정	
5	2	仲	징	
5	3	潢|浹	정	
5	4	仲	지구	불확실
5	5	無		
5	6	無|汰		
5	7	仲		
5	8			
5	9			
5	10			
5	11			
5	12			
5	13			
5	14			
5	15			
5	16			
6	1	仲|仲	정자	
6	2		로만	율명 불명(가사만 보임)
6	3	仲|浹太		
6	4	仲		
6	5		만	율명 불명(가사만 보임)
6	6	無|浹太	나보	
6	7	仲		
6	8			
6	9			
6	10			
6	11			
6	12			
6	13			
6	14			
6	15			
6	16			
7	1	無|無		
7	2	無|無	나보	
7	3	―|太		
7	4	汰	고	
7	5	無|仲		
7	6	太		
7	7	仲	세	
7	8			
7	9			
7	10			
7	11			
7	12			
7	13			
7	14			
7	15			
7	16			
