#제목	궁초댕기 신고산 타령
#부제	자진모리
#키	C
#쪽	
#박자	4/4
#행수	16
#줄수	10
#원본	민요채보-3/궁초댕기 신고산 타령.png
#이어짐	
#메모	한 장에 두 곡: 오른쪽 "신고산 타령 (C키)" 줄1~2, 줄3 빈 줄, 왼쪽 "궁초댕기 (C키)" 줄4~7, 줄8~9 빈 줄. 맨 위 여백에 장단 표기 있음(부제). 16정간(칸마다 가로선), 굵은 선 4칸마다. 각 율명 줄 오른쪽에 가사 칸. 가사 칸의 < 표시는 경계 바로 위 정간 율명 끝에 ‹로 적음. 줄10(맨 왼쪽)은 용지를 거꾸로 돌려 적은 가락이라 180° 돌려 읽은 순서로 정간 번호를 매김(정간1=용지 아래쪽), 가사는 바깥 왼쪽 여백에 거꾸로 적힘(신고산 타령 다른 절로 보임). AI 재판독 초안.
줄	정간	율명	가사	비고
1	1	㳞|㳞|㳞	신고산	
1	2	㳞		
1	3	―		
1	4	―		
1	5	㴌|㳞|㳞	우르르	첫 글자 氵古 모양
1	6	㳞	르	
1	7	㴌|㴌|汰	함흥	
1	8	㳞|㳞|㳞	차떠나는	
1	9	㴌|汰|―	소리	
1	10	㴌汰|無|―‹	에	
1	11	無|無|無	잠못드	
1	12	無南|仲|―	는	
1	13	無|無|無	큰애기	
1	14	無‹	는	
1	15	無|―|汰	반봇	
1	16	汰|㴌|仲	짐만	
2	1	㴌|汰	싼다	
2	2	㴌汰|無|―‹	네	
2	3	無|無|―	어랑	
2	4	無|無|―	어랑	
2	5	無|―|㴌	어허	아래 글자 古/氵古?
2	6	仲	야	
2	7	汰	어	
2	8	仲	야	
2	9	無	디	
2	10	無	야	
2	11	無|汰|無	내	
2	12	汰|㴌|㳞	사	
2	13	㴌|汰|―	랑	
2	14	㴌汰|無	아	
2	15	―		
2	16	⁚|△		
3	1			
3	2			
3	3			
3	4			
3	5			
3	6			
3	7			
3	8			
3	9			
3	10			
3	11			
3	12			
3	13			
3	14			
3	15			
3	16			
4	1	㳞|―|㳞	궁초	첫 㳞 위에 꾸밈 획
4	2	―		
4	3	―		
4	4	·		
4	5	㳞|―|㳞	댕기	
4	6	‹		
4	7	㳞|―|㴌	단장	점선 동그라미로 둘러침
4	8	―|㳞|㴌	하고	
4	9	汰|―|無	신고	가사 산 한 번 지우고 다시 씀
4	10	―|㴌|汰	산비	
4	11	無|―|南	올때	
4	12	仲南|△‹	에는	
4	13	無|無|―	한아	
4	14	無南|仲|―	름	
4	15	無|無|無	꽃을안	
4	16	無	고	
5	1	無|―|汰	웃	
5	2	㳞|㳞|―	으며	
5	3	㴌|汰|―	오리	
5	4	㴌汰|無|―‹	라	
5	5	無|無|―	무슨	
5	6	南|―|南	짝에	위 南 古처럼 보임
5	7	無|無|―	무슨	
5	8	無|無|―	짝에	
5	9	汰	부	
5	10	無	령	
5	11			
5	12			
5	13			
5	14			
5	15			
5	16	汰		
6	1	㴌汰|㴌汰	청진	
6	2	無		
6	3	―		
6	4	汰		
6	5	無南|仲	간	
6	6	―		
6	7	―		
6	8	△‹		
6	9	仲|―|無	임	
6	10	―		
6	11	無南|仲|―	아	
6	12	―		
6	13	―		
6	14	‹		
6	15	無|無|―	신고	
6	16	南|無|南	산	
7	1	無|無|無	열두고	
7	2	無	개	
7	3	無|汰	단	
7	4	㳞|㳞	숨에	
7	5	㴌|汰|―	올라	
7	6	㴌汰|無|―	네	
7	7	―		
7	8	―		
7	9	―		
7	10	―|△		
7	11			
7	12			
7	13			
7	14			
7	15			
7	16			
8	1			
8	2			
8	3			
8	4			
8	5			
8	6			
8	7			
8	8			
8	9			
8	10			
8	11			
8	12			
8	13			
8	14			
8	15			
8	16			
9	1			
9	2			
9	3			
9	4			
9	5			
9	6			
9	7			
9	8			
9	9			
9	10			
9	11			
9	12			
9	13			
9	14			
9	15			
9	16			
10	1	無|汰	가스	가사 판독 불확실
10	2	汰|―|無	러기	가사 판독 불확실
10	3	汰	도	
10	4	⁚|△		
10	5	汰|―|㴌	남대	
10	6	㳞|㳞|―	천에	
10	7	㴌|―|汰	서스	가사 서/어?
10	8	無|―|南	러미	가사 러/어?
10	9	無|―|南		
10	10	仲|―|姑		
10	11	太		大처럼 보임
10	12	⁚|△		
10	13			
10	14			
10	15			
10	16			
