#제목	능계가락
#부제	신방곡
#키	
#쪽	
#박자	2/4
#행수	16
#줄수	2
#원본	민요채보-3/능계가락.png
#이어짐	
#메모	오른쪽 여백에 세로로 손글씨 "능계가락 신방곡". 16정간 인쇄 양식, 한 칸에 정간 2개(칸 위=홀수, 아래=짝수), 굵은 선 2칸마다 → 2/4·16. 오른쪽부터 줄1, 줄2. 줄3 이하(왼쪽 열들)는 빈 격자. 하단 양식 번호 "- 196 -"(16정간 용지). 율명 옆 좁은 가사 칸은 비어 있어 가사는 비움. 한 높이에 나란히 쓴 두 율명은 왼쪽→오른쪽 순으로 적음. 古 모양: 女변 있으면 姑, 없으면 南.
줄	정간	율명	가사	비고
1	1	無潢|潢		
1	2	―		
1	3	潢|無南		
1	4	無潢		
1	5	無南|仲姑		
1	6	―仲		仲 위에 굵게 덧쓴 획 있음
1	7	姑|―		
1	8	△		
1	9	黃|潢無		
1	10	㴌		
1	11	潢|無南		
1	12	無潢		
1	13	無南|仲姑		
1	14	―仲		
1	15	姑|―		
1	16	―		
2	1	姑仲|南		
2	2	南		
2	3	無潢|㴌		
2	4	㳞㴌		㳞: 神처럼 보임; 㴌 오른쪽 끝 잘려 氵女만 보임
2	5	潢|無南		
2	6	無潢		
2	7	無南|仲姑		
2	8	―|△		
2	9	南|南		
2	10	南		南 위에 덧써 검게 뭉개짐
2	11	南|無南		
2	12	無潢		
2	13	無南|仲姑		
2	14	―仲		
2	15	姑|△		
2	16	ﾉ		짧은 사선 1획
