#제목	박연폭포
#부제	느리게
#키	
#쪽	
#박자	4/4
#행수	16
#줄수	4
#원본	민요채보-3/박연폭포(1).png
#이어짐	
#메모	제목줄 "박연폭포 "체라" (느리게)" 아래 "정악" 박스. 16정간(한 칸=정간 2개, 칸 가운데 점선, 위=홀수·아래=짝수), 굵은 선 2칸(=4정간)마다 → 4/4로 적음. 각 율명 줄 오른쪽에 가사 칸. 오른쪽 1. 왼쪽 다수 열은 빈 칸(4줄만 사용). 한 칸에 3개 이상 쌓이면 위 둘=홀수, 나머지=짝수. 칸 끝 작은 세모는 △(쉼). 재검수: 이전 초안은 줄 2(가사 범사정으로 감돌아든다)를 빠뜨리고 줄이 밀려 있어 전체 다시 판독.
줄	정간	율명	가사	비고
1	1	潢|潢	박연	
1	2	―		
1	3	―		
1	4	―		
1	5	潢|―	폭	
1	6	·		
1	7	潢|―汰	포	
1	8	潢		
1	9	無|南	흘러	
1	10	―		
1	11	無|―南	내리	
1	12	潢	는	
1	13	潢|―㳞	물	
1	14	潢汰		
1	15	無|南	은	
1	16	△		
2	1	無|南	범	
2	2	無		
2	3	仲|姑	사	
2	4	―		
2	5	南|南	정으	
2	6	―		
2	7	無|汰	로	
2	8	潢		
2	9	潢|―	감	
2	10	·		
2	11	潢|㳞潢	돌	
2	12	無	아	
2	13	汰|―無		
2	14	南	든	
2	15	南|―	다	
2	16	△		
3	1	潢|―	에	
3	2	·		
3	3	―		
3	4	―		
3	5	潢|―	에	
3	6	·		
3	7	潢|―汰	에	
3	8	潢		
3	9	無|無	에두	
3	10	南	화	
3	11	無|潢	종	
3	12	潢	다	
3	13	潢|―㳞	쫑	
3	14	潢汰		
3	15	無|南	다	
3	16	―|△		
4	1	無|南	이	가사 이/에?
4	2	無		
4	3	仲|姑	김가	
4	4	―		
4	5	南|南	디여	
4	6	―		
4	7	無|汰	라	
4	8	潢‹		칸 경계 왼쪽에 < 표시
4	9	潢|―	내	
4	10	·		· 또는 짧은 ―
4	11	潢|㳞潢	사	
4	12	無		
4	13	汰|無	랑	無 앞 ― 없음(줄 2와 다름)
4	14	南		
4	15	南|―	아	南 위에 덧써 고침
4	16	△		
