#제목	천안 삼거리
#부제	굿거리
#키	
#쪽	
#박자	3/4
#행수	12
#줄수	6
#원본	민요채보-3/천안 삼거리.png
#이어짐	
#메모	머리 "천안 삼거리 \"굿거리\"". 12정간, 굵은 선 3칸마다(굿거리 3/4). 6줄 사용. 각 율명열 오른쪽 가사 칸 전사: 1줄 천안(삼)거리, 2줄 능수(버)들은, 3줄 제멋에겨(워)서, 4줄 척늘어졌구나, 5줄 에구와(에루화)좋(다), 6줄 성해가(났)구나. 후렴 "흥"은 각 줄 7정간(1줄은 10정간에도)에 적음. 9정간의 南無南은 한 칸에 세로로 쌓여 쓴 세 글자. 1줄 6정간 율명 왼쪽에 먹칠 번짐 있음. AI 재판독.
줄	정간	율명	가사	비고
1	1	南	천	
1	2	南	안	
1	3	潢		3정간 가사칸에 쉼표(,) 비슷한 표시
1	4	無	삼	
1	5	―南	거	
1	6	仲	리	
1	7	南	흥	
1	8	無		
1	9	·		
1	10	潢	흥	
1	11	―無		
1	12	潢無		
2	1	南	능	
2	2	南	수	
2	3	潢		
2	4	無	버	
2	5	―南	들	
2	6	仲	은	
2	7	仲	흥	
2	8	·		
2	9	南無南		한 정간에 南·無·南 세로로 쌓여 쓰임
2	10	仲		
2	11	―		
2	12	―		
3	1	潢	제	
3	2	潢	멋	
3	3	潢	에	
3	4	潢	겨	
3	5	―無		
3	6	潢	워	
3	7	潢	서	
3	8	·		
3	9	·		
3	10	潢		
3	11	―無		
3	12	潢無		
4	1	南	척	가사 축/척
4	2	南	늘	
4	3	潢	어	
4	4	無	졌	
4	5	―南	구	
4	6	仲	나	
4	7	仲	흥	
4	8	·		
4	9	南無南		한 정간에 南·無·南 세로로 쌓여 쓰임
4	10	仲		
4	11	·		
4	12	―		
5	1	無	에	
5	2	―南	구	
5	3	仲	와	가사 와/화
5	4	無	좋	
5	5	―南		
5	6	仲	다	
5	7	仲	흥	
5	8	·		
5	9	南無南		한 정간에 南·無·南 세로로 쌓여 쓰임
5	10	仲		
5	11	―		
5	12	―		
6	1	南	성	
6	2	南	해	가사 해/화
6	3	潢	가	
6	4	無	났	가사 았/났
6	5	―南	구	
6	6	仲	나	
6	7	仲	흥	
6	8	·		
6	9	南無南		한 정간에 南·無·南 세로로 쌓여 쓰임
6	10	仲		
6	11	―		
6	12			
