#제목	그리움은 가슴마다
#부제	
#키	
#쪽	
#박자	4/4
#행수	16
#줄수	4
#원본	b2_229_1.png
#이어짐	
#메모	제목 오른쪽 세로쓰기. 3줄 16정간 '그리' → 4줄 '움은' 으로 가사 이어짐
#장단	
#빠르기	
#구간	
#반복	
#출처	2권 229쪽
줄	정간	율명	가사	비고
1	1	汰	애	
1	2	―|汰	타	
1	3	浹|汰	도	
1	4	無|南	록	
1	5	林|林淋	보고	
1	6	浹|汰浹	파	
1	7	汰	도	
1	8			
1	9	△|無	찾	
1	10	汰|浹	을	
1	11	淋	길	
1	12	浹汰|浹淋	없	
1	13	湳	네	
1	14			
1	15	―|△		
1	16	潕|湳	오	
2	1	淋	늘	
2	2	―|浹汰	도	
2	3	湳|淋	그려	
2	4	浹|汰	보는	
2	5	△|無南	그리	
2	6	林|南無	운얼	
2	7	汰	굴	
2	8	浹|汰	그리	
2	9	無	움	
2	10	―|汰	만	
2	11	南	쌓	
2	12	太林|南無	이는	
2	13	林	데	
2	14			
2	15			
2	16	△		
3	1	△|潢潢	밤하	
3	2	潢|林	늘에	
3	3	潢|―浹	잔별	
3	4	淋|浹	같은	
3	5	△|汰汰	수많	
3	6	汰浹|汰潢	은사	
3	7	汰	연	
3	8			
3	9	△|淋	꽃	
3	10	―|浹汰	은	
3	11	淋|―汰	피고	
3	12	淋|潕	지고	
3	13	△|湳潕	세월	
3	14	湳淋|㶂淋	이가	㶂 확실치 않음 (氵+潢 모양)
3	15	湳|‹	도	‹ = 원본 숨표 <
3	16	淋|湳	그리	
4	1	淋	움	
4	2	―|浹	은	浹 이 '협' 처럼 인쇄됨
4	3	淋	가	
4	4	浹|汰浹	슴마	
4	5	汰	다	
4	6			
4	7	―|△		
4	8	淋	사	
4	9	無	무	
4	10	―|南無		
4	11	汰	쳐	
4	12	太林|無南	오	
4	13	林	네	
4	14			
4	15			
4	16	△		
