형식,정간보CSV,2
타이틀,꽃 타령
박자,4/4박자
행수,16
부제,자진모리
쪽,196
원본,민요채보-2/꽃 타령.png
상태,판독 초안(검수 전)
페이지,1
정간번호,10열(대),10열(소),9열(대),9열(소),8열(대),8열(소),7열(대),7열(소),6열(대),6열(소),5열(대),5열(소),4열(대),4열(소),3열(대),3열(소),2열(대),2열(소),1열(대),1열(소)
1,,,,,,,,,潢,꽃,潢,방,"潢
仲",아,"潢
仲",붉,"潢
無
潢
仲",사,"仲
仲",꽃사
2,,,,,,,,,仲,사,無,실,"仲
潢",홍,"仲
潢",은,"仲
姑",랑,·,시
3,,,,,,,,,·,시,潢,방,仲,다,仲,꽃,"姑
姑",의,·,요
4,,,,,,,·,,·,요,潢,실,姑,구,仲,,·,,·,
5,,,,,,,,,姑,꽃,南,웃,姑,리,·,,·,꽃,·,
6,,,,,,,,,·,사,·,는,·,꽃,·,,·,이,·,
7,,,,,,,,,仲,,·,꽃,·,이,·,노,·,로,·,
8,,,,,,,,,姑,,·,,·,로,·,랑,·,구,潢,
9,,,,,,,,,仲,사,"潢
仲",할,仲,구,"仲
潢",꽃,"潢
仲",나,"姑
仲",사
10,,,,,,,,,潢,시,"仲
潢",작,仲,나,"仲
潢",붉,"仲
潢",물,·,랑
11,,,,,,,,,姑,요,潢,피,潢,나,仲,은,姑,꽃,姑,사
12,,,,,,,,,無,꽃,"潢
仲",었,潢,비,"仲
潢",꽃,"仲
潢",불,仲,랑
13,,,,,,,,,潢,을,太,다,"太
汰",앉,姑,봉,姑,꽃,·,
14,,,,,,,,,無,사,汰,피,"汰
潢",아,無,울,無,빛,姑,사
15,,,,,,,,,姑,,"太
汰",꽃,"潢
姑",울,姑,맺,"無
潢",나,"無
無",랑
16,,,,,,,,,仲,,姑,,·,,·,힌,·,,·,
