#제목	강강술래
#부제	늦은중모리
#키	
#쪽	196
#박자	4/4
#행수	16
#줄수	4
#원본	민요채보-1/강강술래.png
#이어짐	
#메모	16정간, 굵은 선 4칸마다. 오른쪽 4줄만 사용(줄1=후렴, 줄2=1절, 줄3=2절, 줄4=3절). 줄5~8은 빈칸. 상단에 <3절> <2절> <1절> <후렴> 표기. 2차 검수 완료: 1차에서 빠진 빈 정간 행 모두 보충(64행), 율명 南姑→南|姑 등 | 누락 수정, 俉→㑲 등 규격 글자로 통일, 가사 재판독
줄	정간	율명	가사	비고
1	1	姑	강	
1	2	―		
1	3	姑|姑	강	
1	4	―		
1	5	姑|姑	술	
1	6	―		
1	7	潢|南	월	
1	8	潢		
1	9	姑	강	
1	10	―		
1	11	南|姑	강	
1	12	姑		
1	13	姑	수	
1	14	―|潢|南	월	
1	15	南|姑	래	
1	16	○		
2	1	潢|潢	잎이	
2	2	―		
2	3			
2	4			
2	5	潢	청	
2	6	△		
2	7	潢|南	산	
2	8	―		
2	9	潢	꽃	
2	10	潢|南	이	
2	11	·	피	
2	12	潢	면	
2	13	潢|姑		
2	14	―		
2	15	南|姑	화산	
2	16	―|△		
3	1	潢	산아	
3	2	潢|南		
3	3	―		
3	4			
3	5	潢	청	
3	6	淋|黃|潢	산	淋黃 겹쳐 적힘, 확실치 않음
3	7	―		
3	8	△		
3	9	潢	놀	
3	10	潢|南	기	
3	11	―	좋	
3	12	潢	아	
3	13	潢|南	유	
3	14	姑		
3	15	南|姑	산아	
3	16	―|△		
4	1	潢|潢		
4	2			
4	3	潢|潢		
4	4	△		
4	5	姑	손을	
4	6	―|姑	잡자	
4	7	姑		
4	8	―|△		
4	9	姑|潢	밤새	
4	10	潢	도록	
4	11	△|南		
4	12	―|△		
4	13	潢	놀아	
4	14	姑|姑	보세	
4	15	姑|姑		
4	16	―|△		
