#제목	베틀가
#부제	굿거리
#키	정악키청
#쪽	
#박자	3/4
#행수	12
#줄수	6
#원본	민요채보-1/베틀가.png
#이어짐	
#메모	한 장에 두 곡. 오른쪽 "<팔돌이> (중모리)"는 큰 X 표로 전체 취소선 처리됨(무효). 왼쪽이 "베틀가 (굿거리)". 인쇄된 정간/줄 번호가 전혀 없고 흘림체가 심해 정간 위치·율명 모두 불확실. 베틀가 부분만 추정 판독. 검수 필수.
줄	정간	율명	가사	비고
1	1	仲	베	정간번호 없음, 추정
1	4	仲	틀	추정
1	7	仲	을	추정
1	10	仲	놓	추정
2	1	仲	옥	추정
2	4	湳	난	추정
2	7	湳	에	추정
2	10	湳	다	추정
3	1	仲	에	추정
3	4	湳	오	추정
3	7	湳	오	추정
3	10	南	아	추정
4	1	仲	베	추정
4	4	湳	틀	추정
4	7	湳	에	추정
4	10	南	가	추정
5	1	仲	사	추정
5	4	南	랑	추정
5	7	湳	노	추정
5	10	湳	리	추정
6	1	湳	수	추정
6	4	湳	심	추정
6	7	湳	은	추정
6	10	湳	만	추정
