#제목	양산도
#부제	세마치
#키	C
#쪽	
#박자	3/4
#행수	12
#줄수	8
#원본	민요채보-2/양산도.png
#이어짐	
#메모	세마치(3/4 12정간, 3칸 묶음). 줄·정간 번호 인쇄 안 됨. 오른쪽 여러 열 빈칸 없이 비교적 빽빽. 일부 칸에 사선(／) 표시. 2차 검수 완료: #키 D→C, 古→姑, 女→姑 등 규격 율명으로 전면 교체, 빈 정간 행 보충, 가사 재판독
줄	정간	율명	가사	비고
1	1	姑|無	에
1	2	姑	해
1	3	―
1	4	姑|無|姑	아
1	5	仲|姑	니
1	6	姑|仲	하
1	7	仲|姑	히
1	8	姑
1	9	潢
1	10	―	양
1	11	無
1	12	―	에
2	1	仲|姑|仲	여
2	2	仲|姑	해
2	3	姑|無|姑
2	4	仲|姑	도
2	5	姑|仲
2	6	姑	이
2	7	黃	로
2	8	―|潢|姑	에
2	9	潢
2	10	―	·
2	11	姑|㳞|潢
2	12	―
3	1	姑|無|姑
3	2	仲|姑	봄
3	3	仲	걸
3	4	姑|仲	길
3	5	仲|姑	비
3	6	仲|姑	에
3	7	姑	혜
3	8	姑|姑
3	9	仲
3	10	姑|姑
3	11	姑
3	12	姑
4	1	姑
4	2	姑|無
4	3	仲
4	4	姑
4	5	―
4	6	仲|姑	능
4	7	仲|姑	비
4	8	姑|姑
4	9	仲
4	10	姑|姑
4	11	仲
4	12	姑
5	1	姑|無	하
5	2	仲|姑	아
5	3	姑	아
5	4	姑	아
5	5	仲|姑	아
5	6	仲|姑	능
5	7	―
5	8	仲|姑	지
5	9	―
5	10	姑
5	11	姑
5	12	姑
6	1	仲|姑	도
6	2	仲|姑
6	3	姑	못
6	4	姑	놓
6	5	仲|姑
6	6	―	비
6	7	仲|姑
6	8	姑
6	9	姑	네
6	10	姑
6	11	仲
6	12	―|仲
7	1	姑	비
7	2	仲|姑	내
7	3	姑	능
7	4	姑	놓
7	5	姑|無|姑	아
7	6	姑
7	7	仲|姑	봇
7	8	仲|姑
7	9	姑
7	10	姑	못
7	11	―
7	12	／
8	1	―	아
8	2	―|仲
8	3	姑
8	4	姑|潢	내
8	5	姑|仲|姑	가
8	6	姑|無|姑
8	7	仲|姑|姑	라
8	8	仲
8	9	―
8	10	―|潢
8	11	無|潢|黃
8	12	△
