#제목	창부 타령
#부제	2
#키	
#쪽	196
#박자	2/4
#행수	16
#줄수	8
#원본	민요채보-2/창부 타령-2.png
#이어짐	
#메모	창부 타령-1의 다음 장. 줄 1~16, 합쳐진 칸(2행마다 굵은선) 규칙(위→홀수, 아래→짝수) 적용. 줄5 상단에 "3절/2절끝" 표기. 줄1 15·16행은 큰 X 표시(빈칸). 손글씨 흘림, 청성(氵)·중성 혼재. 2차 검수 완료: 전면 재판독, 璧→潢(氵黃), 神→㳞(氵仲 청중), 无→無, 女→姑(女+古) 오독 교정. 모든 정간 128행 채움.
줄	정간	율명	가사	비고
1	1	―		
1	2	㳞		
1	3	姑	버	
1	4	―|無		
1	5	姑	시	
1	6	仲|㳞	에	
1	7	姑	비	
1	8	潢		
1	9	潢		
1	10	姑		
1	11	潢	예	
1	12	仲|姑		
1	13	仲|姑	노	
1	14	·		
1	15	X		줄1 15행 큰 X 표시
1	16	X		줄1 16행 큰 X 표시
2	1	姑|仲	나	
2	2	―		
2	3	潢	물	
2	4	潢		
2	5	―		
2	6	潢	심	
2	7	潢	팔	
2	8	潢		
2	9	無|姑	베	
2	10	潢		
2	11	潢	누	
2	12	無|潢		
2	13	潢	가	
2	14	姑		
2	15	姑	가	
2	16	仲|姑		
3	1	姑	대	
3	2	·		
3	3	潢		
3	4	潢		
3	5	姑	설	
3	6	潢	이	
3	7	潢	해	
3	8	姑|仲		
3	9	姑		
3	10	姑	전	
3	11	潢	진	
3	12	潢		
3	13	潢	전	
3	14	姑|仲	날	
3	15	姑	다	
3	16	仲		
4	1	姑	실	
4	2	·		
4	3	潢	장	
4	4	仲|㳞	부	
4	5	潢	앙	
4	6	姑	씀	
4	7	姑		
4	8	潢		
4	9	姑	비	
4	10	㳞	오	
4	11	無|潢	지	
4	12	㳞	다	
4	13	潢	못	
4	14	姑|仲	하	
4	15	姑	라	
4	16	△		
5	1	潢	일	
5	2	―		
5	3	潢		
5	4	㳞	진	
5	5	潢		
5	6	㳞	지	
5	7	姑	좋	
5	8	姑|仲		
5	9	姑	안	
5	10	姑	화	
5	11	㳞	지	
5	12	㳞		
5	13	潢	서	
5	14	姑	까	
5	15	姑		
5	16	△		
6	1	潢	천	
6	2	·		
6	3	潢	기	
6	4	㳞	징	
6	5	潢	떨	
6	6	㳞		
6	7	姑	어	
6	8	潢	꽃	
6	9	㳞	화	
6	10	潢	가	
6	11	姑	서	
6	12	姑	라	
6	13	姑	서	
6	14	潢	마	
6	15	姑		
6	16	△		
7	1	無|玉	오	玉? 희미함
7	2	·		
7	3	潢	을	
7	4	㳞		
7	5	姑	떡	
7	6	潢		
7	7	姑	호	
7	8	潢		
7	9	姑	다	
7	10	姑	가	
7	11	㳞		
7	12	潢	에	
7	13	潢	내	
7	14	姑|仲		
7	15	姑		
7	16	△		
8	1	㳞	비	
8	2	·		
8	3	潢		
8	4	㳞	오	
8	5	姑	호	
8	6	姑		
8	7	姑		
8	8	姑|仲		
8	9	㳞	무	
8	10	㳞		
8	11	潢	심	
8	12	㳞	고	
8	13	㳞		
8	14	姑|仲		
8	15	姑	가	
8	16	△		
