#제목	긴 아리랑
#부제	1
#키	
#쪽	197
#박자	3/4
#행수	12
#줄수	8
#원본	민요채보-3/긴 아리랑-1.png
#이어짐	3_긴 아리랑.tsv
#메모	측면에 '1. 긴 아리랑'. 같은 곡의 2장(긴 아리랑.png = '2.')으로 이어짐. 인쇄된 줄(1~8)·정간(1~12) 번호 있음. 8줄 모두 사용. 흘림체·시김새 기호(S모양)·물결선(지속음) 다수. 하단 메모 '火·潢 ⇒ 潢# ⇒ 후 ♭7으로 음정'. 2차 검수 완료. 주요 수정: 一→빈 행으로 변경, 율명 사이 | 구분자 복원, 빈 정간 전부 복원(96행), 구체적 비고만 남김, 氣→? 수정.
줄	정간	율명	가사	비고
1	1	姑|仲		아
1	2	·		
1	3	)		연음/꾸밈 표시
1	4	姑|?		? = S모양 기호(시김새)
1	5	―		
1	6	―|仲|姑		
1	7	無|潢		
1	8	―		
1	9	―		
1	10	潢|無		리
1	11	㳞|?		? = S모양 기호(시김새)
1	12	·|㳞		
2	1	南		
2	2	·		
2	3	·|潢		
2	4	姑|?		? = S모양 기호(시김새)
2	5	仲		
2	6	―		
2	7	姑|仲|南	아	
2	8	潢|無|南		
2	9	仲|姑		리
2	10	潢|?		? = S모양 기호(시김새). 가사: 앙
2	11	―		
2	12	姑		
3	1	無|潢		아
3	2	―|無		
3	3	△		
3	4	無|潢|?	리	? = S모양 기호(시김새)
3	5	―		
3	6	―|南|仲		
3	7	姑|無|南	랑	
3	8	―		
3	9	潢|無|南		
3	10	仲|姑|仲		
3	11	―|潢		
3	12	仲|姑		
4	1	姑|?		? = S모양 기호(시김새)
4	2	―		
4	3	太|潢		
4	4	無|潢		
4	5	仲|姑|?	가	? = S모양 기호(시김새)
4	6	―|仲|姑		
4	7	姑|仲|姑|仲		
4	8	潢|無|南		
4	9	―		
4	10	仲|姑|南		
4	11	潢		
4	12	―|潢		
5	1	潢		나
5	2	―		
5	3	無|潢		
5	4	無|?|南	아	? = S모양 기호(시김새) 또는 불분명
5	5	―		
5	6	南|?		? = S모양 기호(시김새)
5	7	―		
5	8	無|?		? = S모양 기호(시김새)
5	9	―|潢|無|南	라	
5	10	―		
5	11	―		
5	12	―		
6	1	―|仲|姑|仲		
6	2	太|潢		
6	3	無|潢|△		
6	4	潢|南|仲		
6	5	南|?		? = S모양 기호(시김새)
6	6	―		
6	7	仲|姑|南		
6	8	仲|姑		
6	9	仲|姑		
6	10	仲|姑		리
6	11	―|潢|無|南		
6	12	仲|姑|仲		
7	1	無|潢|―|無	아	
7	2	南		
7	3	姑|?		? = S모양 기호(시김새)
7	4	無|潢|―|無	강	
7	5	無|潢|―|無	넘	
7	6	潢|無|仲|姑		
7	7	姑|仲|南	아	
7	8	無|潢|南		
7	9	―|潢|南		
7	10	姑|?		? = S모양 기호(시김새)
7	11	仲|姑|南		
7	12	仲|姑		
8	1	南		
8	2	―		
8	3	―		
8	4	仲|潢		리
8	5	無|?		? = S모양 기호(시김새)
8	6	無|潢|南|仲		
8	7	無|潢|無|南		
8	8	―		
8	9	潢|無|南		
8	10	姑|無|南|仲		
8	11	―		
8	12	仲|姑		
