#제목	노래가락
#부제	1
#키	G
#쪽	196
#박자	정악
#행수	16
#줄수	8
#원본	민요채보-3/노래가락-1.png
#이어짐	
#메모	제목 옆 '〈굿거리, 3박+2박〉', 측면 '노래가락 "1"'. 인쇄된 줄(1~8)·정간(1~16) 번호 있음. 굵은 선 4칸마다(1-4,5-8,9-12,13-16). 3박+2박 혼합이라 #박자 정악(16정간) 근사. 2차 검수 완료: 전 128행 빈 정간 포함 작성, 俉→㑲·沖/神→㳞·湖/沽→㴌 등 오독 교정, 과도한 '불확실' 비고 정리, 가사 보강.
줄	정간	율명	가사	비고
1	1	姑	충	
1	2	·		
1	3			
1	4			
1	5	―	성	
1	6			
1	7			
1	8			
1	9	姑		
1	10			
1	11			
1	12			
1	13	姑|仲		
1	14			
1	15			
1	16			
2	1	―	효	
2	2	姑		
2	3	姑	자	
2	4	無|南		
2	5	無|潢|無|南	녀	
2	6			
2	7			
2	8			
2	9	潢	가	
2	10			
2	11	無|潢|南		
2	12			
2	13	仲|姑		
2	14			
2	15			
2	16			
3	1	姑	라	
3	2			
3	3	姑		
3	4			
3	5	姑|―	아	
3	6	仲|姑	아	
3	7			
3	8			
3	9	潢	가	
3	10			
3	11	仲		
3	12			
3	13	―|仲		
3	14			
3	15			
3	16			
4	1	姑	낙	
4	2	―	저	
4	3			
4	4			
4	5	潢|潢|―	자	
4	6	―		
4	7			
4	8			
4	9	潢	자	
4	10			
4	11	潢|仲		
4	12			
4	13	―|△		
4	14			
4	15			
4	16			
5	1	潢|㳞	봉	
5	2	―		
5	3			
5	4			
5	5	潢|潢|仲|潢	하	
5	6	潢		
5	7			
5	8			
5	9	―		
5	10			
5	11	無|潢|無|南		
5	12			
5	13	仲|姑		
5	14			
5	15			
5	16			
6	1	潢|潢	우	
6	2	―|㳞	리	㳞 확실치 않음
6	3			
6	4	―	우	
6	5	潢|仲|姑	시	
6	6	潢		
6	7			
6	8			
6	9	―		
6	10			
6	11	仲		
6	12			
6	13	無|潢	아	
6	14			
6	15			
6	16			
7	1	潢|仲	하	
7	2	―		
7	3			
7	4	―|仲		
7	5	潢	아	
7	6	仲		
7	7			
7	8			
7	9	仲|姑	성	
7	10			
7	11	無|潢|無|南		
7	12			
7	13			
7	14			
7	15			
7	16			
8	1	無|潢	우	
8	2	―|無		
8	3	南|潢		
8	4			
8	5	無|潢|無|南	리	
8	6	仲|潢	오	
8	7			
8	8			
8	9	仲|姑	리	
8	10			
8	11	無|潢|無|南		
8	12			
8	13	仲|姑		
8	14			
8	15			
8	16			
