#제목	오봉산 타령
#부제	굿거리
#키	
#쪽	
#박자	3/4
#행수	12
#줄수	13
#원본	민요채보-3/오봉산 타령.png
#이어짐	
#메모	제목 옆 "굿거리 · 사발가 굿거리" 표기(두 곡/버전이 한 장에 합쳐 있음). 인쇄된 줄·정간 번호 없음(가로선 밴드로 3정간씩 구분). 매우 빽빽함. 2차 검수 완료 — 1차는 머리 정보만 기록되어 본문 전체를 새로 판독함. 13줄×12정간=156행 완성.
줄	정간	율명	가사	비고
1	1	無|無	석
1	2	―|無		
1	3	·		
1	4	無|無	탄
1	5	無		
1	6	·		
1	7	無|無	봉
1	8	汰|無		
1	9	―		
1	10	汰	이
1	11	汰|潢		
1	12	―|汰		
2	1	潢	구
2	2	―|汰		
2	3	潢|汰		
2	4	潢	누
2	5	―|汰		
2	6	潢|汰		
2	7	潢|汰	가
2	8	―|汰		
2	9	潢|汰		
2	10	潢|汰	지
2	11	潢|汰		
2	12	汰|潢		
3	1	無	꼭
3	2	無|汰	대
3	3	汰|無		
3	4	無	기
3	5	汰|無		
3	6	無|姑		
3	7	無|汰	에
3	8	姑|汰		
3	9	汰|姑		
3	10	姑|汰	서
3	11	姑|汰		
3	12	汰|姑		
4	1	姑|林	서
4	2	姑		
4	3	·		
4	4	姑|林	기
4	5	姑|林		
4	6	姑		
4	7	林	도
4	8	林		
4	9	·		
4	10	姑		
4	11	―		
4	12	○		
5	1	姑	에
5	2	姑	루
5	3	·		
5	4	―|無	에
5	5	―|無	루
5	6	·		
5	7	姑	화
5	8	姑		
5	9	·		
5	10	―|無		
5	11	·		
5	12	―|△		
6	1	汰	지
6	2	無|汰	자
6	3	汰|無		
6	4	汰	갈
6	5	無|汰		
6	6	無|姑		
6	7	汰	무
6	8	無|汰		
6	9	無|姑		
6	10	汰	우
6	11	·		
6	12	·		
7	1	林	절
7	2	姑	을
7	3	·		
7	4	林	이
7	5	姑		
7	6	·		
7	7	林	차
7	8	姑		
7	9	·		
7	10	―|林		
7	11	―		
7	12	―|林		
8	1	姑	나
8	2	―		
8	3	·		
8	4	姑|林	논
8	5	姑		
8	6	·		
8	7	姑|林		
8	8	姑		
8	9	―		
8	10	·		
8	11	―		
8	12	△		
9	1	汰	에
9	2	潢|汰	루
9	3	―|汰		
9	4	無	에
9	5	汰|無		
9	6	汰		
9	7	姑	에
9	8	姑		
9	9	―|汰		
9	10	汰	루
9	11	·		
9	12	·		
10	1	汰|潢	담
10	2	潢|汰	벙
10	3	―|汰		
10	4	無	간
10	5	汰|無		
10	6	無|姑		
10	7	姑	다
10	8	姑|林		
10	9	林		
10	10	姑		
10	11	―		
10	12	·		
11	1	淋	디
11	2	淋|汰	여
11	3	汰|淋		
11	4	淋	라
11	5	汰|淋		
11	6	淋|姑		
11	7	姑	나
11	8	姑|無		
11	9	姑|林		
11	10	姑		
11	11	―		
11	12	·		
12	1	汰	허
12	2	潢|汰	송
12	3	―|潢		
12	4	潢	세
12	5	汰|潢		
12	6	潢|汰		
12	7	汰|潢	월
12	8	潢|汰		
12	9	無		
12	10	汰	을
12	11	·		
12	12	·		
13	1	姑	알
13	2	―		
13	3	·		
13	4	姑	아
13	5	姑|林		
13	6	·		
13	7	姑|林	라
13	8	姑		
13	9	―		
13	10	·		
13	11	―		
13	12	△		
