#제목	울산 아가씨
#부제	굿거리
#키	C
#쪽	
#박자	3/4
#행수	12
#줄수	10
#원본	민요채보-3/울산 아가씨.png
#이어짐	
#메모	제목 옆 "굿거리 C키" 표기, 좌상단 "4박" 메모(가로선 밴드는 3정간씩이라 3/4로 둠), 제목 중 일부 글자 지움. 인쇄된 줄·정간 번호 없음. 왼쪽 여러 줄은 비어 있음. 2차 검수 완료 — 빈 정간 포함 10줄×12정간=120행으로 채우고 神→㳞, 1차 누락 정간 보강.
줄	정간	율명	가사	비고
1	1	潢	동해나
1	2	㳞		氵仲(청중)
1	3	―|潢		
1	4	潢	울산은
1	5	―		
1	6	仲		
1	7	仲|潢	잣나무그
1	8	無		
1	9	―|姑		
1	10	仲	늘
1	11	―|姑		
1	12	仲|姑		
2	1	潢|潢	경치도
2	2	無|潢	좋
2	3	仲|姑		
2	4	無|潢	지만
2	5	潢		
2	6	仲|姑		
2	7	潢|無		
2	8	潢		
2	9	仲|姑		
2	10	仲|姑		
2	11	―		
2	12	·		
3	1	黃|姑	큰애기
3	2	姑|仲	마음은
3	3	―		
3	4	無|姑		
3	5	仲		
3	6	·		
3	7	潢|㳞	인심도	氵仲(청중)
3	8	㳞		氵仲(청중)
3	9	仲		
3	10	無|姑		
3	11	仲		
3	12	·		
4	1	潢	실백자
4	2	無|潢		
4	3	潢|無		
4	4	潢		
4	5	無|潢		
4	6	仲|姑		
4	7	仲|潢	좋기도
4	8	無|姑		
4	9	黃|姑		
4	10	仲		
4	11	―		
4	12	·		
5	1	潢	에
5	2	無		
5	3	潢|無		
5	4	姑	헤에
5	5	無		
5	6	無|姑		
5	7	無|姑		
5	8	無|姑		
5	9	黃		
5	10	仲		
5	11	―		
5	12	·		
6	1	潢	에
6	2	―|潢		
6	3	仲|潢		
6	4	仲|㳞		氵仲(청중)
6	5	·		
6	6	·		
6	7	潢	아
6	8	無		
6	9	無|姑		
6	10	仲		
6	11	―		
6	12	·		
7	1	潢	동해라
7	2	㳞		氵仲(청중)
7	3	―|潢		
7	4	潢	을산은
7	5	仲|潢		
7	6	―|潢		
7	7	無|潢		
7	8	無		
7	9	―|姑		
7	10	無		
7	11	―|姑		
7	12	仲		
8	1	姑|仲	좋기도
8	2	·	하
8	3	·		
8	4	㳞		氵仲(청중)
8	5	·		
8	6	·		
8	7	仲		
8	8	·		
8	9	·		
8	10	·		
8	11	·		
8	12	·		
9	1	仲	다
9	2	·		
9	3	·		
9	4	·		
9	5	·		
9	6	·		
9	7	潢		
9	8	·		
9	9	·		
9	10	·		
9	11	·		
9	12	·		
10	1	·		
10	2	·		
10	3	·		
10	4	△		세모(쉼)
10	5	·		
10	6	·		
10	7	·		
10	8	·		
10	9	·		
10	10	·		
10	11	·		
10	12	·		
