#제목	통영 개타령
#부제	잦은모리
#키	F
#쪽	
#박자	3/4
#행수	12
#줄수	8
#원본	민요채보-3/통영 개타령.png
#이어짐	
#메모	제목 옆 "〈잦은모리〉(F key)". 인쇄된 줄·정간 번호 없음. 오른쪽 상단에 X로 지운(취소) 칸 있음(줄1 정간1~2 부근, 潢無仲南姑 나열—연습 흔적으로 보임). 가사: 개야 개야 검둥개야 / 멍멍 짖지를 마라 … 등. 2차 검수 완료: 1차는 본문 1행뿐이었으나, 8줄×12정간=96행 전체 판독 완성. 율명 오독(古→姑, 中→仲, 内→南 등) 수정.
줄	정간	율명	가사	비고
1	1	南	개	
1	2	無|南	야	
1	3	姑		
1	4	南	개	
1	5	姑	야	
1	6	―		
1	7	△		
1	8	潢	검	
1	9	無	둥	
1	10	仲		
1	11	南|姑	개	
1	12	―	야	
2	1	南	거	
2	2	無|南		
2	3	姑	랑	
2	4	―		
2	5	仲	임	
2	6	姑		
2	7	南	만	
2	8	姑	산	
2	9	―		
2	10	潢		
2	11	無|潢		
2	12	―		
3	1	△		
3	2	姑	질	
3	3	潢|姑	러	
3	4	―		
3	5	△		
3	6	姑	오	
3	7	潢|姑	고	
3	8	―		
3	9	△		
3	10	潢	개	
3	11	無		
3	12	仲|姑		
4	1	南	멍	
4	2	潢|無	멍	
4	3	姑		
4	4	―		
4	5	仲	짖	
4	6	姑		
4	7	南	지	
4	8	潢|姑	를	
4	9	潢|無		
4	10	姑	마	
4	11	仲|姑	라	
4	12	―		
5	1	△		
5	2	姑	멍	
5	3	潢|姑	멍	
5	4	―		
5	5	△		
5	6	姑	짖	
5	7	南	지	
5	8	姑	를	
5	9	仲|姑		
5	10	南	마	
5	11	無|南	라	
5	12	―		
6	1	△		
6	2	南	청	
6	3	無|南		
6	4	潢	사	
6	5	潢|無		
6	6	姑|潢	초	
6	7	潢|姑	롱	
6	8	仲		
6	9	姑	불	
6	10	南		
6	11	無|南	밝	
6	12	―		
7	1	△		
7	2	南	지	
7	3	潢|姑	름	
7	4	姑		
7	5	仲	매	
7	6	姑	기	
7	7	南		
7	8	潢|無		
7	9	潢|姑	청	
7	10	南	사	
7	11	無|南		
7	12	仲|姑		
8	1	南	불	
8	2	無|南		
8	3	姑	밝	
8	4	姑		
8	5	仲	혀	
8	6	姑	라	
8	7	南		
8	8	潢|姑		
8	9	潢|無		
8	10	南		
8	11	仲|姑		
8	12	―|△		
